temperature_K,mu_K,mean_density_mmol_per_cm3,std_error
573,800,99.5363,0.0375
573,850,100.2853,0.0528
573,900,100.9661,0.0450
573,950,101.5959,0.0453
573,1000,102.2384,0.0437
573,1050,102.9514,0.0383
573,1100,103.5993,0.0331
573,1150,104.1910,0.0485
573,1200,104.8780,0.0421
573,1250,105.5322,0.0415
573,1300,106.1151,0.0395
573,1350,106.7893,0.0323
573,1400,107.3963,0.0445
573,1450,108.0588,0.0441
573,1500,108.6668,0.0488
973,700,112.2299,0.0549
973,750,112.6821,0.0399
973,800,113.0823,0.0475
973,850,113.6296,0.0440
973,900,114.0451,0.0464
973,950,114.5572,0.0445
973,1000,114.9779,0.0445
973,1050,115.3968,0.0401
973,1100,115.8022,0.0484
973,1150,116.3505,0.0543
973,1200,116.7215,0.0408
973,1250,117.1505,0.0414
973,1300,117.6706,0.0479
